"extraction_date","time_id","platform","dimension","dimension_id","metric","metric_value"
"23.06.2024 00:47:01","22.06.2024 22:47:01","Data_Archiving","instance","srm.c7jxwa7xrjw2.ap-northeast-1.rds.amazonaws.com","number_databases","2"
"23.06.2024 00:47:01","22.06.2024 22:47:01","Data_Archiving","instance","sczt2908.festo.net","number_databases","3"
"23.06.2024 00:47:01","22.06.2024 22:47:01","Data_Archiving","instance","sdet2043.festo.net","number_databases","30"
"23.06.2024 00:47:01","22.06.2024 22:47:01","Data_Archiving","instance","sbgt2015.festo.net","number_databases","7"
"23.06.2024 00:47:01","22.06.2024 22:47:01","Data_Archiving","instance","splt5104.festo.net","number_databases","6"
"23.06.2024 00:47:01","22.06.2024 22:47:01","Data_Archiving","instance","sdet2540.de.festo.net","number_databases","12"
"23.06.2024 00:47:01","22.06.2024 22:47:01","Data_Archiving","instance","sdet3633.festo.net","number_databases","12"
"23.06.2024 00:47:01","22.06.2024 22:47:01","Data_Archiving","instance","sdet2042.de.festo.net","number_databases","27"
"23.06.2024 00:47:01","22.06.2024 22:47:01","Data_Archiving","instance","sdet3387.de.festo.net","number_databases","28"
"23.06.2024 00:47:01","22.06.2024 22:47:01","Data_Archiving","instance","sdet2313.festo.net","number_databases","33"
"23.06.2024 00:47:01","22.06.2024 22:47:01","Data_Archiving","instance","sdet3194.de.festo.net","number_databases","10"
"23.06.2024 00:47:01","22.06.2024 22:47:01","Data_Archiving","instance","scht3012.festo.net","number_databases","26"
"23.06.2024 00:47:01","22.06.2024 22:47:01","Data_Archiving","instance","sdet3762.de.festo.net","number_databases","37"
"23.06.2024 00:47:01","22.06.2024 22:47:01","Data_Archiving","instance","sdet3047.de.festo.net","number_databases","23"
"23.06.2024 00:47:01","22.06.2024 22:47:01","Data_Archiving","instance","sdet5138.de.festo.net","number_databases","13"
"23.06.2024 00:47:01","22.06.2024 22:47:01","Data_Archiving","instance","sdet2218.festo.net","number_databases","20"
"23.06.2024 00:47:01","22.06.2024 22:47:01","Data_Archiving","instance","sdet2130.festo.net","number_databases","13"
"23.06.2024 00:47:01","22.06.2024 22:47:01","Data_Archiving","instance","sdet2069.de.festo.net","number_databases","4"
"23.06.2024 00:47:01","22.06.2024 22:47:01","Data_Archiving","instance","sdet3637.de.festo.net","number_databases","29"
"23.06.2024 00:47:01","22.06.2024 22:47:01","Data_Archiving","instance","sdet3454.de.festo.net","number_databases","18"
"23.06.2024 00:47:01","22.06.2024 22:47:01","Data_Archiving","instance","sdet2050.festo.net","number_databases","9"
"23.06.2024 00:47:01","22.06.2024 22:47:01","Data_Archiving","instance","greekpayroll.database.windows.net","number_databases","1"
"23.06.2024 00:47:01","22.06.2024 22:47:01","Data_Archiving","instance","sbgt2019.bg.festo.net","number_databases","4"
"23.06.2024 00:47:01","22.06.2024 22:47:01","Data_Archiving","instance","sdet3463.de.festo.net","number_databases","78"
"23.06.2024 00:47:01","22.06.2024 22:47:01","Data_Archiving","instance","sdet3462.de.festo.net","number_databases","64"
"23.06.2024 00:47:01","22.06.2024 22:47:01","Data_Archiving","instance","sust5050.festo.net","number_databases","11"
"23.06.2024 00:47:01","22.06.2024 22:47:01","Data_Archiving","instance","sdet3530.de.festo.net","number_databases","4"
"23.06.2024 00:47:01","22.06.2024 22:47:01","Data_Archiving","instance","sdet3741.de.festo.net","number_databases","6"
"23.06.2024 00:47:01","22.06.2024 22:47:01","Data_Archiving","instance","sdet3634.de.festo.net","number_databases","19"
"23.06.2024 00:47:01","22.06.2024 22:47:01","Data_Archiving","instance","sdet2046.festo.net","number_databases","54"
"23.06.2024 00:47:01","22.06.2024 22:47:01","Data_Archiving","instance","scnt2828.cn.festo.net","number_databases","15"
"23.06.2024 00:47:01","22.06.2024 22:47:01","Data_Archiving","instance","sdet3055.de.festo.net","number_databases","8"
"23.06.2024 00:47:01","22.06.2024 22:47:01","Data_Archiving","instance","sdet4519.dev.festo.company","number_databases","6"
"23.06.2024 00:47:01","22.06.2024 22:47:01","Data_Archiving","instance","sdet2551.festo.net","number_databases","2"
"23.06.2024 00:47:01","22.06.2024 22:47:01","Data_Archiving","instance","sdet2131.de.festo.net","number_databases","3"
"23.06.2024 00:47:01","22.06.2024 22:47:01","Data_Archiving","instance","sdet2155.de.festo.net","number_databases","9"
"23.06.2024 00:47:01","22.06.2024 22:47:01","Data_Archiving","instance","sdet3282.festo.net","number_databases","2"
"23.06.2024 00:47:01","22.06.2024 22:47:01","Data_Archiving","instance","sdet3566.de.festo.net","number_databases","2"
"23.06.2024 00:47:01","22.06.2024 22:47:01","Data_Archiving","instance","sdet3372.festo.net","number_databases","2"
"23.06.2024 00:47:01","22.06.2024 22:47:01","Data_Archiving","instance","sdet3488.de.festo.net","number_databases","2"
"23.06.2024 00:47:01","22.06.2024 22:47:01","Data_Archiving","instance","sdet3373.festo.net","number_databases","4"
"23.06.2024 00:47:01","22.06.2024 22:47:01","Data_Archiving","instance","sdet2248.festo.net","number_databases","2"
"23.06.2024 00:47:01","22.06.2024 22:47:01","Data_Archiving","instance","sdet3464.de.festo.net","number_databases","25"
"23.06.2024 00:47:01","22.06.2024 22:47:01","Data_Archiving","instance","blueprism2006.database.windows.net","number_databases","7"
"23.06.2024 00:47:01","22.06.2024 22:47:01","Data_Archiving","instance","sdet3229.de.festo.net","number_databases","29"
"23.06.2024 00:47:01","22.06.2024 22:47:01","Data_Archiving","instance","sust3049.festo.net","number_databases","1"
"23.06.2024 00:47:01","22.06.2024 22:47:01","Data_Archiving","instance","sdet3740.de.festo.net","number_databases","3"
"23.06.2024 00:47:01","22.06.2024 22:47:01","Data_Archiving","instance","scnt2513.cn.festo.net","number_databases","7"
"23.06.2024 00:47:01","22.06.2024 22:47:01","Data_Archiving","instance","sdet2084.de.festo.net","number_databases","8"
"23.06.2024 00:47:01","22.06.2024 22:47:01","Data_Archiving","instance","sdet2023.de.festo.net","number_databases","19"
"23.06.2024 00:47:01","22.06.2024 22:47:01","Data_Archiving","instance","scnt2512.cn.festo.net","number_databases","10"
"23.06.2024 00:47:01","22.06.2024 22:47:01","Data_Archiving","instance","sdet2048.festo.net","number_databases","17"
"23.06.2024 00:47:01","22.06.2024 22:47:01","Data_Archiving","instance","sdet2029.de.festo.net","number_databases","38"
"23.06.2024 00:47:01","22.06.2024 22:47:01","Data_Archiving","instance","sczt2907.festo.net","number_databases","2"
"23.06.2024 00:47:01","22.06.2024 22:47:01","Data_Archiving","instance","sdet3466.de.festo.net","number_databases","69"
"23.06.2024 00:47:01","22.06.2024 22:47:01","Data_Archiving","instance","sdet3502.de.festo.net","number_databases","63"
"23.06.2024 00:47:01","22.06.2024 22:47:01","Data_Archiving","instance","scat5001.ca.festo.net","number_databases","3"
"23.06.2024 00:47:01","22.06.2024 22:47:01","Data_Archiving","instance","sdet3388.festo.net","number_databases","6"
"23.06.2024 00:47:01","22.06.2024 22:47:01","Data_Archiving","instance","sdet3203.de.festo.net","number_databases","10"
"23.06.2024 00:47:01","22.06.2024 22:47:01","Data_Archiving","instance","sdet3689.de.festo.net","number_databases","5"
"23.06.2024 00:47:01","22.06.2024 22:47:01","Data_Archiving","instance","sdet3560.festo.net","number_databases","7"
"23.06.2024 00:47:01","22.06.2024 22:47:01","Data_Archiving","instance","sdet3588.festo.net","number_databases","14"
"23.06.2024 00:47:01","22.06.2024 22:47:01","Data_Archiving","instance","sdet2229.festo.net","number_databases","5"
"23.06.2024 00:47:01","22.06.2024 22:47:01","Data_Archiving","instance","scnt2823.cn.festo.net","number_databases","28"
"23.06.2024 00:47:01","22.06.2024 22:47:01","Data_Archiving","instance","sdet3228.de.festo.net","number_databases","17"
"23.06.2024 00:47:01","22.06.2024 22:47:01","Data_Archiving","instance","sdet3494.de.festo.net","number_databases","57"
"23.06.2024 00:47:01","22.06.2024 22:47:01","Data_Archiving","instance","sdet3593.festo.net","number_databases","10"
"23.06.2024 00:47:01","22.06.2024 22:47:01","Data_Archiving","instance","ssgt5019","number_databases","5"
"23.06.2024 00:47:01","22.06.2024 22:47:01","Data_Archiving","instance","scnt2824.cn.festo.net","number_databases","6"
"23.06.2024 00:47:01","22.06.2024 22:47:01","Data_Archiving","instance","skrt2009.festo.net","number_databases","6"
"23.06.2024 00:47:01","22.06.2024 22:47:01","Data_Archiving","instance","sdet2200.festo.net","number_databases","18"
"23.06.2024 00:47:01","22.06.2024 22:47:01","Data_Archiving","instance","sust3018.festo.net","number_databases","44"
"23.06.2024 00:47:01","22.06.2024 22:47:01","Data_Archiving","instance","sint2008.in.festo.net","number_databases","39"
"23.06.2024 00:47:01","22.06.2024 22:47:01","Data_Archiving","instance","sdet3489.de.festo.net","number_databases","3"
"23.06.2024 00:47:01","22.06.2024 22:47:01","Data_Archiving","instance","shut2004.festo.net","number_databases","19"
"23.06.2024 00:47:01","22.06.2024 22:47:01","Data_Archiving","instance","sdet2237.festo.net","number_databases","3"
"23.06.2024 00:47:01","22.06.2024 22:47:01","Data_Archiving","instance","sdet3487.de.festo.net","number_databases","2"
"23.06.2024 00:47:01","22.06.2024 22:47:01","Data_Archiving","instance","sdet2100.de.festo.net","number_databases","1"
"23.06.2024 00:47:01","22.06.2024 22:47:01","Data_Archiving","instance","sczt2916.festo.net","number_databases","20"
"23.06.2024 00:47:01","22.06.2024 22:47:01","Data_Archiving","instance","sdet2219.festo.net","number_databases","2"
"23.06.2024 00:47:01","22.06.2024 22:47:01","Data_Archiving","instance","sdet2251.de.festo.net","number_databases","2"
"23.06.2024 00:47:01","22.06.2024 22:47:01","Data_Archiving","instance","sbgt2033.bg.festo.net","number_databases","17"
"23.06.2024 00:47:01","22.06.2024 22:47:01","Data_Archiving","instance","sdet2013.festo.net","number_databases","8"
"23.06.2024 00:47:01","22.06.2024 22:47:01","Data_Archiving","instance","sdet2097.de.festo.net","number_databases","12"
"23.06.2024 00:47:01","22.06.2024 22:47:01","Data_Archiving","instance","crucible-codereview.database.windows.net","number_databases","1"
"23.06.2024 00:47:01","22.06.2024 22:47:01","Data_Archiving","instance","crucible-codereview-p.database.windows.net","number_databases","1"
"23.06.2024 00:47:01","22.06.2024 22:47:01","Data_Archiving","instance","srm.c7jxwa7xrjw2.ap-northeast-1.rds.amazonaws.com","space","0,34405517578125"
"23.06.2024 00:47:01","22.06.2024 22:47:01","Data_Archiving","instance","sczt2908.festo.net","space","1193,484375"
"23.06.2024 00:47:01","22.06.2024 22:47:01","Data_Archiving","instance","sdet2043.festo.net","space","1632,31341552734"
"23.06.2024 00:47:01","22.06.2024 22:47:01","Data_Archiving","instance","sbgt2015.festo.net","space","95,9747924804688"
"23.06.2024 00:47:01","22.06.2024 22:47:01","Data_Archiving","instance","splt5104.festo.net","space","81,4556884765625"
"23.06.2024 00:47:01","22.06.2024 22:47:01","Data_Archiving","instance","sdet2540.de.festo.net","space","100,442687988281"
"23.06.2024 00:47:01","22.06.2024 22:47:01","Data_Archiving","instance","sdet3633.festo.net","space","389,92724609375"
"23.06.2024 00:47:01","22.06.2024 22:47:01","Data_Archiving","instance","sdet2042.de.festo.net","space","1101,07940673828"
"23.06.2024 00:47:01","22.06.2024 22:47:01","Data_Archiving","instance","sdet3387.de.festo.net","space","288,024719238281"
"23.06.2024 00:47:01","22.06.2024 22:47:01","Data_Archiving","instance","sdet2313.festo.net","space","1447,32067871094"
"23.06.2024 00:47:01","22.06.2024 22:47:01","Data_Archiving","instance","sdet3194.de.festo.net","space","1282,48394775391"
"23.06.2024 00:47:01","22.06.2024 22:47:01","Data_Archiving","instance","scht3012.festo.net","space","166,222045898438"
"23.06.2024 00:47:01","22.06.2024 22:47:01","Data_Archiving","instance","sdet3762.de.festo.net","space","646,819458007813"
"23.06.2024 00:47:01","22.06.2024 22:47:01","Data_Archiving","instance","sdet3047.de.festo.net","space","491,531982421875"
"23.06.2024 00:47:01","22.06.2024 22:47:01","Data_Archiving","instance","sdet5138.de.festo.net","space","137,200988769531"
"23.06.2024 00:47:01","22.06.2024 22:47:01","Data_Archiving","instance","sdet2218.festo.net","space","341,836242675781"
"23.06.2024 00:47:01","22.06.2024 22:47:01","Data_Archiving","instance","sdet2130.festo.net","space","143,536254882813"
"23.06.2024 00:47:01","22.06.2024 22:47:01","Data_Archiving","instance","sdet2069.de.festo.net","space","113,240173339844"
"23.06.2024 00:47:01","22.06.2024 22:47:01","Data_Archiving","instance","sdet3637.de.festo.net","space","1651,49157714844"
"23.06.2024 00:47:01","22.06.2024 22:47:01","Data_Archiving","instance","sdet3454.de.festo.net","space","1154,68682861328"
"23.06.2024 00:47:01","22.06.2024 22:47:01","Data_Archiving","instance","sdet2050.festo.net","space","88,6279907226563"
"23.06.2024 00:47:01","22.06.2024 22:47:01","Data_Archiving","instance","greekpayroll.database.windows.net","space","0,3203125"
"23.06.2024 00:47:01","22.06.2024 22:47:01","Data_Archiving","instance","sbgt2019.bg.festo.net","space","156,352355957031"
"23.06.2024 00:47:01","22.06.2024 22:47:01","Data_Archiving","instance","sdet3463.de.festo.net","space","4753,380859375"
"23.06.2024 00:47:01","22.06.2024 22:47:01","Data_Archiving","instance","sdet3462.de.festo.net","space","2439,59375"
"23.06.2024 00:47:01","22.06.2024 22:47:01","Data_Archiving","instance","sust5050.festo.net","space","314,347473144531"
"23.06.2024 00:47:01","22.06.2024 22:47:01","Data_Archiving","instance","sdet3530.de.festo.net","space","538,288391113281"
"23.06.2024 00:47:01","22.06.2024 22:47:01","Data_Archiving","instance","sdet3741.de.festo.net","space","629,511596679688"
"23.06.2024 00:47:01","22.06.2024 22:47:01","Data_Archiving","instance","sdet3634.de.festo.net","space","843,947265625"
"23.06.2024 00:47:01","22.06.2024 22:47:01","Data_Archiving","instance","sdet2046.festo.net","space","438,754928588867"
"23.06.2024 00:47:01","22.06.2024 22:47:01","Data_Archiving","instance","scnt2828.cn.festo.net","space","250,022521972656"
"23.06.2024 00:47:01","22.06.2024 22:47:01","Data_Archiving","instance","sdet3055.de.festo.net","space","92,4065551757813"
"23.06.2024 00:47:01","22.06.2024 22:47:01","Data_Archiving","instance","sdet4519.dev.festo.company","space","117,332824707031"
"23.06.2024 00:47:01","22.06.2024 22:47:01","Data_Archiving","instance","sdet2551.festo.net","space","1537,85864257813"
"23.06.2024 00:47:01","22.06.2024 22:47:01","Data_Archiving","instance","sdet2131.de.festo.net","space","70,9324111938477"
"23.06.2024 00:47:01","22.06.2024 22:47:01","Data_Archiving","instance","sdet2155.de.festo.net","space","977,401306152344"
"23.06.2024 00:47:01","22.06.2024 22:47:01","Data_Archiving","instance","sdet3282.festo.net","space","61,0762939453125"
"23.06.2024 00:47:01","22.06.2024 22:47:01","Data_Archiving","instance","sdet3566.de.festo.net","space","1400,55084228516"
"23.06.2024 00:47:01","22.06.2024 22:47:01","Data_Archiving","instance","sdet3372.festo.net","space","1427,36065673828"
"23.06.2024 00:47:01","22.06.2024 22:47:01","Data_Archiving","instance","sdet3488.de.festo.net","space","51,34375"
"23.06.2024 00:47:01","22.06.2024 22:47:01","Data_Archiving","instance","sdet3373.festo.net","space","1915,13372802734"
"23.06.2024 00:47:01","22.06.2024 22:47:01","Data_Archiving","instance","sdet2248.festo.net","space","220,381225585938"
"23.06.2024 00:47:01","22.06.2024 22:47:01","Data_Archiving","instance","sdet3464.de.festo.net","space","526,717346191406"
"23.06.2024 00:47:01","22.06.2024 22:47:01","Data_Archiving","instance","blueprism2006.database.windows.net","space","927,1953125"
"23.06.2024 00:47:01","22.06.2024 22:47:01","Data_Archiving","instance","sdet3229.de.festo.net","space","142,481750488281"
"23.06.2024 00:47:01","22.06.2024 22:47:01","Data_Archiving","instance","sust3049.festo.net","space","43,390625"
"23.06.2024 00:47:01","22.06.2024 22:47:01","Data_Archiving","instance","sdet3740.de.festo.net","space","421,774963378906"
"23.06.2024 00:47:01","22.06.2024 22:47:01","Data_Archiving","instance","scnt2513.cn.festo.net","space","61,3698120117188"
"23.06.2024 00:47:01","22.06.2024 22:47:01","Data_Archiving","instance","sdet2084.de.festo.net","space","59,4285888671875"
"23.06.2024 00:47:01","22.06.2024 22:47:01","Data_Archiving","instance","sdet2023.de.festo.net","space","463,509826660156"
"23.06.2024 00:47:01","22.06.2024 22:47:01","Data_Archiving","instance","scnt2512.cn.festo.net","space","54,099365234375"
"23.06.2024 00:47:01","22.06.2024 22:47:01","Data_Archiving","instance","sdet2048.festo.net","space","163,160766601563"
"23.06.2024 00:47:01","22.06.2024 22:47:01","Data_Archiving","instance","sdet2029.de.festo.net","space","601,346374511719"
"23.06.2024 00:47:01","22.06.2024 22:47:01","Data_Archiving","instance","sczt2907.festo.net","space","4249,9409866333"
"23.06.2024 00:47:01","22.06.2024 22:47:01","Data_Archiving","instance","sdet3466.de.festo.net","space","2910,26147460938"
"23.06.2024 00:47:01","22.06.2024 22:47:01","Data_Archiving","instance","sdet3502.de.festo.net","space","93,1941528320313"
"23.06.2024 00:47:01","22.06.2024 22:47:01","Data_Archiving","instance","scat5001.ca.festo.net","space","53,609375"
"23.06.2024 00:47:01","22.06.2024 22:47:01","Data_Archiving","instance","sdet3388.festo.net","space","1497,10681152344"
"23.06.2024 00:47:01","22.06.2024 22:47:01","Data_Archiving","instance","sdet3203.de.festo.net","space","895,338745117188"
"23.06.2024 00:47:01","22.06.2024 22:47:01","Data_Archiving","instance","sdet3689.de.festo.net","space","67,1796264648438"
"23.06.2024 00:47:01","22.06.2024 22:47:01","Data_Archiving","instance","sdet3560.festo.net","space","84,9257202148438"
"23.06.2024 00:47:01","22.06.2024 22:47:01","Data_Archiving","instance","sdet3588.festo.net","space","898,306701660156"
"23.06.2024 00:47:01","22.06.2024 22:47:01","Data_Archiving","instance","sdet2229.festo.net","space","107,158203125"
"23.06.2024 00:47:01","22.06.2024 22:47:01","Data_Archiving","instance","scnt2823.cn.festo.net","space","568,165466308594"
"23.06.2024 00:47:01","22.06.2024 22:47:01","Data_Archiving","instance","sdet3228.de.festo.net","space","540,769226074219"
"23.06.2024 00:47:01","22.06.2024 22:47:01","Data_Archiving","instance","sdet3494.de.festo.net","space","215,191162109375"
"23.06.2024 00:47:01","22.06.2024 22:47:01","Data_Archiving","instance","sdet3593.festo.net","space","300,022644042969"
"23.06.2024 00:47:01","22.06.2024 22:47:01","Data_Archiving","instance","ssgt5019","space","70,0318603515625"
"23.06.2024 00:47:01","22.06.2024 22:47:01","Data_Archiving","instance","scnt2824.cn.festo.net","space","299,4462890625"
"23.06.2024 00:47:01","22.06.2024 22:47:01","Data_Archiving","instance","skrt2009.festo.net","space","53,2008056640625"
"23.06.2024 00:47:01","22.06.2024 22:47:01","Data_Archiving","instance","sdet2200.festo.net","space","232,542053222656"
"23.06.2024 00:47:01","22.06.2024 22:47:01","Data_Archiving","instance","sust3018.festo.net","space","147,355285644531"
"23.06.2024 00:47:01","22.06.2024 22:47:01","Data_Archiving","instance","sint2008.in.festo.net","space","83,6825561523438"
"23.06.2024 00:47:01","22.06.2024 22:47:01","Data_Archiving","instance","sdet3489.de.festo.net","space","104,218688964844"
"23.06.2024 00:47:01","22.06.2024 22:47:01","Data_Archiving","instance","shut2004.festo.net","space","104,695983886719"
"23.06.2024 00:47:01","22.06.2024 22:47:01","Data_Archiving","instance","sdet2237.festo.net","space","117,984375"
"23.06.2024 00:47:01","22.06.2024 22:47:01","Data_Archiving","instance","sdet3487.de.festo.net","space","61,71875"
"23.06.2024 00:47:01","22.06.2024 22:47:01","Data_Archiving","instance","sdet2100.de.festo.net","space","48,7522583007813"
"23.06.2024 00:47:01","22.06.2024 22:47:01","Data_Archiving","instance","sczt2916.festo.net","space","69,268798828125"
"23.06.2024 00:47:01","22.06.2024 22:47:01","Data_Archiving","instance","sdet2219.festo.net","space","124,583312988281"
"23.06.2024 00:47:01","22.06.2024 22:47:01","Data_Archiving","instance","sdet2251.de.festo.net","space","106,107849121094"
"23.06.2024 00:47:01","22.06.2024 22:47:01","Data_Archiving","instance","sbgt2033.bg.festo.net","space","74,5280151367188"
"23.06.2024 00:47:01","22.06.2024 22:47:01","Data_Archiving","instance","sdet2013.festo.net","space","75"
"23.06.2024 00:47:01","22.06.2024 22:47:01","Data_Archiving","instance","sdet2097.de.festo.net","space","90,939697265625"
"23.06.2024 00:47:01","22.06.2024 22:47:01","Data_Archiving","instance","crucible-codereview.database.windows.net","space","0,0859375"
"23.06.2024 00:47:01","22.06.2024 22:47:01","Data_Archiving","instance","crucible-codereview-p.database.windows.net","space","1,7578125"
"23.06.2024 00:47:01","22.06.2024 22:47:01","Data_Archiving","instance","srm.c7jxwa7xrjw2.ap-northeast-1.rds.amazonaws.com","space_in_use","0,167686462402344"
"23.06.2024 00:47:01","22.06.2024 22:47:01","Data_Archiving","instance","sczt2908.festo.net","space_in_use","60,1861114501953"
"23.06.2024 00:47:01","22.06.2024 22:47:01","Data_Archiving","instance","sdet2043.festo.net","space_in_use","1078,66548919678"
"23.06.2024 00:47:01","22.06.2024 22:47:01","Data_Archiving","instance","sbgt2015.festo.net","space_in_use","54,4550628662109"
"23.06.2024 00:47:01","22.06.2024 22:47:01","Data_Archiving","instance","splt5104.festo.net","space_in_use","43,1424026489258"
"23.06.2024 00:47:01","22.06.2024 22:47:01","Data_Archiving","instance","sdet2540.de.festo.net","space_in_use","49,4177322387695"
"23.06.2024 00:47:01","22.06.2024 22:47:01","Data_Archiving","instance","sdet3633.festo.net","space_in_use","51,6484451293945"
"23.06.2024 00:47:01","22.06.2024 22:47:01","Data_Archiving","instance","sdet2042.de.festo.net","space_in_use","724,480491638184"
"23.06.2024 00:47:01","22.06.2024 22:47:01","Data_Archiving","instance","sdet3387.de.festo.net","space_in_use","257,784881591797"
"23.06.2024 00:47:01","22.06.2024 22:47:01","Data_Archiving","instance","sdet2313.festo.net","space_in_use","979,80078125"
"23.06.2024 00:47:01","22.06.2024 22:47:01","Data_Archiving","instance","sdet3194.de.festo.net","space_in_use","1211,82996368408"
"23.06.2024 00:47:01","22.06.2024 22:47:01","Data_Archiving","instance","scht3012.festo.net","space_in_use","88,4228057861328"
"23.06.2024 00:47:01","22.06.2024 22:47:01","Data_Archiving","instance","sdet3762.de.festo.net","space_in_use","267,792213439941"
"23.06.2024 00:47:01","22.06.2024 22:47:01","Data_Archiving","instance","sdet3047.de.festo.net","space_in_use","218,337577819824"
"23.06.2024 00:47:01","22.06.2024 22:47:01","Data_Archiving","instance","sdet5138.de.festo.net","space_in_use","58,325798034668"
"23.06.2024 00:47:01","22.06.2024 22:47:01","Data_Archiving","instance","sdet2218.festo.net","space_in_use","141,225631713867"
"23.06.2024 00:47:01","22.06.2024 22:47:01","Data_Archiving","instance","sdet2130.festo.net","space_in_use","61,7490081787109"
"23.06.2024 00:47:01","22.06.2024 22:47:01","Data_Archiving","instance","sdet2069.de.festo.net","space_in_use","110,056137084961"
"23.06.2024 00:47:01","22.06.2024 22:47:01","Data_Archiving","instance","sdet3637.de.festo.net","space_in_use","296,309112548828"
"23.06.2024 00:47:01","22.06.2024 22:47:01","Data_Archiving","instance","sdet3454.de.festo.net","space_in_use","319,050712585449"
"23.06.2024 00:47:01","22.06.2024 22:47:01","Data_Archiving","instance","sdet2050.festo.net","space_in_use","67,8147888183594"
"23.06.2024 00:47:01","22.06.2024 22:47:01","Data_Archiving","instance","greekpayroll.database.windows.net","space_in_use","0,162666320800781"
"23.06.2024 00:47:01","22.06.2024 22:47:01","Data_Archiving","instance","sbgt2019.bg.festo.net","space_in_use","66,1424179077148"
"23.06.2024 00:47:01","22.06.2024 22:47:01","Data_Archiving","instance","sdet3463.de.festo.net","space_in_use","565,98454284668"
"23.06.2024 00:47:01","22.06.2024 22:47:01","Data_Archiving","instance","sdet3462.de.festo.net","space_in_use","1154,83734130859"
"23.06.2024 00:47:01","22.06.2024 22:47:01","Data_Archiving","instance","sust5050.festo.net","space_in_use","183,267974853516"
"23.06.2024 00:47:01","22.06.2024 22:47:01","Data_Archiving","instance","sdet3530.de.festo.net","space_in_use","210,214576721191"
"23.06.2024 00:47:01","22.06.2024 22:47:01","Data_Archiving","instance","sdet3741.de.festo.net","space_in_use","294,123519897461"
"23.06.2024 00:47:01","22.06.2024 22:47:01","Data_Archiving","instance","sdet3634.de.festo.net","space_in_use","165,569557189941"
"23.06.2024 00:47:01","22.06.2024 22:47:01","Data_Archiving","instance","sdet2046.festo.net","space_in_use","260,059188842773"
"23.06.2024 00:47:01","22.06.2024 22:47:01","Data_Archiving","instance","scnt2828.cn.festo.net","space_in_use","207,169212341309"
"23.06.2024 00:47:01","22.06.2024 22:47:01","Data_Archiving","instance","sdet3055.de.festo.net","space_in_use","44,0373611450195"
"23.06.2024 00:47:01","22.06.2024 22:47:01","Data_Archiving","instance","sdet4519.dev.festo.company","space_in_use","54,1140975952148"
"23.06.2024 00:47:01","22.06.2024 22:47:01","Data_Archiving","instance","sdet2551.festo.net","space_in_use","1431,78995513916"
"23.06.2024 00:47:01","22.06.2024 22:47:01","Data_Archiving","instance","sdet2131.de.festo.net","space_in_use","51,5534591674805"
"23.06.2024 00:47:01","22.06.2024 22:47:01","Data_Archiving","instance","sdet2155.de.festo.net","space_in_use","784,684883117676"
"23.06.2024 00:47:01","22.06.2024 22:47:01","Data_Archiving","instance","sdet3282.festo.net","space_in_use","40,6565093994141"
"23.06.2024 00:47:01","22.06.2024 22:47:01","Data_Archiving","instance","sdet3566.de.festo.net","space_in_use","112,538703918457"
"23.06.2024 00:47:01","22.06.2024 22:47:01","Data_Archiving","instance","sdet3372.festo.net","space_in_use","86,2832489013672"
"23.06.2024 00:47:01","22.06.2024 22:47:01","Data_Archiving","instance","sdet3488.de.festo.net","space_in_use","43,8746490478516"
"23.06.2024 00:47:01","22.06.2024 22:47:01","Data_Archiving","instance","sdet3373.festo.net","space_in_use","103,828201293945"
"23.06.2024 00:47:01","22.06.2024 22:47:01","Data_Archiving","instance","sdet2248.festo.net","space_in_use","69,5045394897461"
"23.06.2024 00:47:01","22.06.2024 22:47:01","Data_Archiving","instance","sdet3464.de.festo.net","space_in_use","174,163627624512"
"23.06.2024 00:47:01","22.06.2024 22:47:01","Data_Archiving","instance","blueprism2006.database.windows.net","space_in_use","592,743705749512"
"23.06.2024 00:47:01","22.06.2024 22:47:01","Data_Archiving","instance","sdet3229.de.festo.net","space_in_use","112,548278808594"
"23.06.2024 00:47:01","22.06.2024 22:47:01","Data_Archiving","instance","sust3049.festo.net","space_in_use","31,5777130126953"
"23.06.2024 00:47:01","22.06.2024 22:47:01","Data_Archiving","instance","sdet3740.de.festo.net","space_in_use","276,72176361084"
"23.06.2024 00:47:01","22.06.2024 22:47:01","Data_Archiving","instance","scnt2513.cn.festo.net","space_in_use","51,7449264526367"
"23.06.2024 00:47:01","22.06.2024 22:47:01","Data_Archiving","instance","sdet2084.de.festo.net","space_in_use","41,4690856933594"
"23.06.2024 00:47:01","22.06.2024 22:47:01","Data_Archiving","instance","sdet2023.de.festo.net","space_in_use","311,75707244873"
"23.06.2024 00:47:01","22.06.2024 22:47:01","Data_Archiving","instance","scnt2512.cn.festo.net","space_in_use","44,519401550293"
"23.06.2024 00:47:01","22.06.2024 22:47:01","Data_Archiving","instance","sdet2048.festo.net","space_in_use","101,865837097168"
"23.06.2024 00:47:01","22.06.2024 22:47:01","Data_Archiving","instance","sdet2029.de.festo.net","space_in_use","287,043144226074"
"23.06.2024 00:47:01","22.06.2024 22:47:01","Data_Archiving","instance","sczt2907.festo.net","space_in_use","2942,94859313965"
"23.06.2024 00:47:01","22.06.2024 22:47:01","Data_Archiving","instance","sdet3466.de.festo.net","space_in_use","1963,86324310303"
"23.06.2024 00:47:01","22.06.2024 22:47:01","Data_Archiving","instance","sdet3502.de.festo.net","space_in_use","73,8634414672852"
"23.06.2024 00:47:01","22.06.2024 22:47:01","Data_Archiving","instance","scat5001.ca.festo.net","space_in_use","11,4081802368164"
"23.06.2024 00:47:01","22.06.2024 22:47:01","Data_Archiving","instance","sdet3388.festo.net","space_in_use","261,027160644531"
"23.06.2024 00:47:01","22.06.2024 22:47:01","Data_Archiving","instance","sdet3203.de.festo.net","space_in_use","809,47762298584"
"23.06.2024 00:47:01","22.06.2024 22:47:01","Data_Archiving","instance","sdet3689.de.festo.net","space_in_use","46,0159301757813"
"23.06.2024 00:47:01","22.06.2024 22:47:01","Data_Archiving","instance","sdet3560.festo.net","space_in_use","69,0114212036133"
"23.06.2024 00:47:01","22.06.2024 22:47:01","Data_Archiving","instance","sdet3588.festo.net","space_in_use","571,1650390625"
"23.06.2024 00:47:01","22.06.2024 22:47:01","Data_Archiving","instance","sdet2229.festo.net","space_in_use","86,0714111328125"
"23.06.2024 00:47:01","22.06.2024 22:47:01","Data_Archiving","instance","scnt2823.cn.festo.net","space_in_use","351,165534973145"
"23.06.2024 00:47:01","22.06.2024 22:47:01","Data_Archiving","instance","sdet3228.de.festo.net","space_in_use","218,855667114258"
"23.06.2024 00:47:01","22.06.2024 22:47:01","Data_Archiving","instance","sdet3494.de.festo.net","space_in_use","119,208602905273"
"23.06.2024 00:47:01","22.06.2024 22:47:01","Data_Archiving","instance","sdet3593.festo.net","space_in_use","87,1257400512695"
"23.06.2024 00:47:01","22.06.2024 22:47:01","Data_Archiving","instance","ssgt5019","space_in_use","64,2636184692383"
"23.06.2024 00:47:01","22.06.2024 22:47:01","Data_Archiving","instance","scnt2824.cn.festo.net","space_in_use","180,444175720215"
"23.06.2024 00:47:01","22.06.2024 22:47:01","Data_Archiving","instance","skrt2009.festo.net","space_in_use","44,2741241455078"
"23.06.2024 00:47:01","22.06.2024 22:47:01","Data_Archiving","instance","sdet2200.festo.net","space_in_use","192,656539916992"
"23.06.2024 00:47:01","22.06.2024 22:47:01","Data_Archiving","instance","sust3018.festo.net","space_in_use","104,017860412598"
"23.06.2024 00:47:01","22.06.2024 22:47:01","Data_Archiving","instance","sint2008.in.festo.net","space_in_use","61,6886825561523"
"23.06.2024 00:47:01","22.06.2024 22:47:01","Data_Archiving","instance","sdet3489.de.festo.net","space_in_use","53,2207565307617"
"23.06.2024 00:47:01","22.06.2024 22:47:01","Data_Archiving","instance","shut2004.festo.net","space_in_use","81,9947738647461"
"23.06.2024 00:47:01","22.06.2024 22:47:01","Data_Archiving","instance","sdet2237.festo.net","space_in_use","84,0920791625977"
"23.06.2024 00:47:01","22.06.2024 22:47:01","Data_Archiving","instance","sdet3487.de.festo.net","space_in_use","40,9831924438477"
"23.06.2024 00:47:01","22.06.2024 22:47:01","Data_Archiving","instance","sdet2100.de.festo.net","space_in_use","19,3963851928711"
"23.06.2024 00:47:01","22.06.2024 22:47:01","Data_Archiving","instance","sczt2916.festo.net","space_in_use","53,7400588989258"
"23.06.2024 00:47:01","22.06.2024 22:47:01","Data_Archiving","instance","sdet2219.festo.net","space_in_use","122,10969543457"
"23.06.2024 00:47:01","22.06.2024 22:47:01","Data_Archiving","instance","sdet2251.de.festo.net","space_in_use","58,2084808349609"
"23.06.2024 00:47:01","22.06.2024 22:47:01","Data_Archiving","instance","sbgt2033.bg.festo.net","space_in_use","49,4979934692383"
"23.06.2024 00:47:01","22.06.2024 22:47:01","Data_Archiving","instance","sdet2013.festo.net","space_in_use","50,8496475219727"
"23.06.2024 00:47:01","22.06.2024 22:47:01","Data_Archiving","instance","sdet2097.de.festo.net","space_in_use","56,4468536376953"
"23.06.2024 00:47:01","22.06.2024 22:47:01","Data_Archiving","instance","crucible-codereview.database.windows.net","space_in_use","0,0418014526367188"
"23.06.2024 00:47:01","22.06.2024 22:47:01","Data_Archiving","instance","crucible-codereview-p.database.windows.net","space_in_use","0,957099914550781"
"23.06.2024 00:47:01","22.06.2024 22:47:01","Data_Archiving","instance","srm.c7jxwa7xrjw2.ap-northeast-1.rds.amazonaws.com","transactions","221081"
"23.06.2024 00:47:01","22.06.2024 22:47:01","Data_Archiving","instance","sczt2908.festo.net","transactions","5960857"
"23.06.2024 00:47:01","22.06.2024 22:47:01","Data_Archiving","instance","sdet2043.festo.net","transactions","191837542"
"23.06.2024 00:47:01","22.06.2024 22:47:01","Data_Archiving","instance","sbgt2015.festo.net","transactions","13751110"
"23.06.2024 00:47:01","22.06.2024 22:47:01","Data_Archiving","instance","splt5104.festo.net","transactions","1005518"
"23.06.2024 00:47:01","22.06.2024 22:47:01","Data_Archiving","instance","sdet2540.de.festo.net","transactions","1133474"
"23.06.2024 00:47:01","22.06.2024 22:47:01","Data_Archiving","instance","sdet3633.festo.net","transactions","944434"
"23.06.2024 00:47:01","22.06.2024 22:47:01","Data_Archiving","instance","sdet2042.de.festo.net","transactions","122135827"
"23.06.2024 00:47:01","22.06.2024 22:47:01","Data_Archiving","instance","sdet3387.de.festo.net","transactions","1677715"
"23.06.2024 00:47:01","22.06.2024 22:47:01","Data_Archiving","instance","sdet2313.festo.net","transactions","104603227"
"23.06.2024 00:47:01","22.06.2024 22:47:01","Data_Archiving","instance","sdet3194.de.festo.net","transactions","36071361"
"23.06.2024 00:47:01","22.06.2024 22:47:01","Data_Archiving","instance","scht3012.festo.net","transactions","10563219"
"23.06.2024 00:47:01","22.06.2024 22:47:01","Data_Archiving","instance","sdet3762.de.festo.net","transactions","10281434"
"23.06.2024 00:47:01","22.06.2024 22:47:01","Data_Archiving","instance","sdet3047.de.festo.net","transactions","933180"
"23.06.2024 00:47:01","22.06.2024 22:47:01","Data_Archiving","instance","sdet5138.de.festo.net","transactions","2668445"
"23.06.2024 00:47:01","22.06.2024 22:47:01","Data_Archiving","instance","sdet2218.festo.net","transactions","9456706"
"23.06.2024 00:47:01","22.06.2024 22:47:01","Data_Archiving","instance","sdet2130.festo.net","transactions","38860478"
"23.06.2024 00:47:01","22.06.2024 22:47:01","Data_Archiving","instance","sdet2069.de.festo.net","transactions","661667"
"23.06.2024 00:47:01","22.06.2024 22:47:01","Data_Archiving","instance","sdet3637.de.festo.net","transactions","1751051"
"23.06.2024 00:47:01","22.06.2024 22:47:01","Data_Archiving","instance","sdet3454.de.festo.net","transactions","63216717"
"23.06.2024 00:47:01","22.06.2024 22:47:01","Data_Archiving","instance","sdet2050.festo.net","transactions","1443421"
"23.06.2024 00:47:01","22.06.2024 22:47:01","Data_Archiving","instance","greekpayroll.database.windows.net","transactions","0"
"23.06.2024 00:47:01","22.06.2024 22:47:01","Data_Archiving","instance","sbgt2019.bg.festo.net","transactions","14377030"
"23.06.2024 00:47:01","22.06.2024 22:47:01","Data_Archiving","instance","sdet3463.de.festo.net","transactions","21959758"
"23.06.2024 00:47:01","22.06.2024 22:47:01","Data_Archiving","instance","sdet3462.de.festo.net","transactions","19658875"
"23.06.2024 00:47:01","22.06.2024 22:47:01","Data_Archiving","instance","sust5050.festo.net","transactions","24772130"
"23.06.2024 00:47:01","22.06.2024 22:47:01","Data_Archiving","instance","sdet3530.de.festo.net","transactions","33948084"
"23.06.2024 00:47:01","22.06.2024 22:47:01","Data_Archiving","instance","sdet3741.de.festo.net","transactions","73676956"
"23.06.2024 00:47:01","22.06.2024 22:47:01","Data_Archiving","instance","sdet3634.de.festo.net","transactions","11102647"
"23.06.2024 00:47:01","22.06.2024 22:47:01","Data_Archiving","instance","sdet2046.festo.net","transactions","18106468"
"23.06.2024 00:47:01","22.06.2024 22:47:01","Data_Archiving","instance","scnt2828.cn.festo.net","transactions","38078629"
"23.06.2024 00:47:01","22.06.2024 22:47:01","Data_Archiving","instance","sdet3055.de.festo.net","transactions","10030659"
"23.06.2024 00:47:01","22.06.2024 22:47:01","Data_Archiving","instance","sdet4519.dev.festo.company","transactions","8315944"
"23.06.2024 00:47:01","22.06.2024 22:47:01","Data_Archiving","instance","sdet2551.festo.net","transactions","28425320"
"23.06.2024 00:47:01","22.06.2024 22:47:01","Data_Archiving","instance","sdet2131.de.festo.net","transactions","8036394"
"23.06.2024 00:47:01","22.06.2024 22:47:01","Data_Archiving","instance","sdet2155.de.festo.net","transactions","2348520"
"23.06.2024 00:47:01","22.06.2024 22:47:01","Data_Archiving","instance","sdet3282.festo.net","transactions","1151234"
"23.06.2024 00:47:01","22.06.2024 22:47:01","Data_Archiving","instance","sdet3566.de.festo.net","transactions","796426"
"23.06.2024 00:47:01","22.06.2024 22:47:01","Data_Archiving","instance","sdet3372.festo.net","transactions","22378322"
"23.06.2024 00:47:01","22.06.2024 22:47:01","Data_Archiving","instance","sdet3488.de.festo.net","transactions","1655291"
"23.06.2024 00:47:01","22.06.2024 22:47:01","Data_Archiving","instance","sdet3373.festo.net","transactions","45217775"
"23.06.2024 00:47:01","22.06.2024 22:47:01","Data_Archiving","instance","sdet2248.festo.net","transactions","79667055"
"23.06.2024 00:47:01","22.06.2024 22:47:01","Data_Archiving","instance","sdet3464.de.festo.net","transactions","5625730"
"23.06.2024 00:47:01","22.06.2024 22:47:01","Data_Archiving","instance","blueprism2006.database.windows.net","transactions","0"
"23.06.2024 00:47:01","22.06.2024 22:47:01","Data_Archiving","instance","sdet3229.de.festo.net","transactions","1060225"
"23.06.2024 00:47:01","22.06.2024 22:47:01","Data_Archiving","instance","sust3049.festo.net","transactions","1042750"
"23.06.2024 00:47:01","22.06.2024 22:47:01","Data_Archiving","instance","sdet3740.de.festo.net","transactions","58400864"
"23.06.2024 00:47:01","22.06.2024 22:47:01","Data_Archiving","instance","scnt2513.cn.festo.net","transactions","9248197"
"23.06.2024 00:47:01","22.06.2024 22:47:01","Data_Archiving","instance","sdet2084.de.festo.net","transactions","1280173"
"23.06.2024 00:47:01","22.06.2024 22:47:01","Data_Archiving","instance","sdet2023.de.festo.net","transactions","6587069"
"23.06.2024 00:47:01","22.06.2024 22:47:01","Data_Archiving","instance","scnt2512.cn.festo.net","transactions","1324097"
"23.06.2024 00:47:01","22.06.2024 22:47:01","Data_Archiving","instance","sdet2048.festo.net","transactions","3870604"
"23.06.2024 00:47:01","22.06.2024 22:47:01","Data_Archiving","instance","sdet2029.de.festo.net","transactions","3737451"
"23.06.2024 00:47:01","22.06.2024 22:47:01","Data_Archiving","instance","sczt2907.festo.net","transactions","129003121"
"23.06.2024 00:47:01","22.06.2024 22:47:01","Data_Archiving","instance","sdet3466.de.festo.net","transactions","32121464"
"23.06.2024 00:47:01","22.06.2024 22:47:01","Data_Archiving","instance","sdet3502.de.festo.net","transactions","1469028"
"23.06.2024 00:47:01","22.06.2024 22:47:01","Data_Archiving","instance","scat5001.ca.festo.net","transactions","2503360"
"23.06.2024 00:47:01","22.06.2024 22:47:01","Data_Archiving","instance","sdet3388.festo.net","transactions","64951472"
"23.06.2024 00:47:01","22.06.2024 22:47:01","Data_Archiving","instance","sdet3203.de.festo.net","transactions","866175"
"23.06.2024 00:47:01","22.06.2024 22:47:01","Data_Archiving","instance","sdet3689.de.festo.net","transactions","1278796"
"23.06.2024 00:47:01","22.06.2024 22:47:01","Data_Archiving","instance","sdet3560.festo.net","transactions","16565453"
"23.06.2024 00:47:01","22.06.2024 22:47:01","Data_Archiving","instance","sdet3588.festo.net","transactions","5336472"
"23.06.2024 00:47:01","22.06.2024 22:47:01","Data_Archiving","instance","sdet2229.festo.net","transactions","3766712"
"23.06.2024 00:47:01","22.06.2024 22:47:01","Data_Archiving","instance","scnt2823.cn.festo.net","transactions","444121400"
"23.06.2024 00:47:01","22.06.2024 22:47:01","Data_Archiving","instance","sdet3228.de.festo.net","transactions","2638186"
"23.06.2024 00:47:01","22.06.2024 22:47:01","Data_Archiving","instance","sdet3494.de.festo.net","transactions","1696673"
"23.06.2024 00:47:01","22.06.2024 22:47:01","Data_Archiving","instance","sdet3593.festo.net","transactions","7050870"
"23.06.2024 00:47:01","22.06.2024 22:47:01","Data_Archiving","instance","ssgt5019","transactions","1813284"
"23.06.2024 00:47:01","22.06.2024 22:47:01","Data_Archiving","instance","scnt2824.cn.festo.net","transactions","4473279"
"23.06.2024 00:47:01","22.06.2024 22:47:01","Data_Archiving","instance","skrt2009.festo.net","transactions","1894955"
"23.06.2024 00:47:01","22.06.2024 22:47:01","Data_Archiving","instance","sdet2200.festo.net","transactions","34904307"
"23.06.2024 00:47:01","22.06.2024 22:47:01","Data_Archiving","instance","sust3018.festo.net","transactions","2905019"
"23.06.2024 00:47:01","22.06.2024 22:47:01","Data_Archiving","instance","sint2008.in.festo.net","transactions","11114983"
"23.06.2024 00:47:01","22.06.2024 22:47:01","Data_Archiving","instance","sdet3489.de.festo.net","transactions","2952442"
"23.06.2024 00:47:01","22.06.2024 22:47:01","Data_Archiving","instance","shut2004.festo.net","transactions","8763097"
"23.06.2024 00:47:01","22.06.2024 22:47:01","Data_Archiving","instance","sdet2237.festo.net","transactions","2070717"
"23.06.2024 00:47:01","22.06.2024 22:47:01","Data_Archiving","instance","sdet3487.de.festo.net","transactions","1338309"
"23.06.2024 00:47:01","22.06.2024 22:47:01","Data_Archiving","instance","sdet2100.de.festo.net","transactions","5754021"
"23.06.2024 00:47:01","22.06.2024 22:47:01","Data_Archiving","instance","sczt2916.festo.net","transactions","3900374"
"23.06.2024 00:47:01","22.06.2024 22:47:01","Data_Archiving","instance","sdet2219.festo.net","transactions","6122266"
"23.06.2024 00:47:01","22.06.2024 22:47:01","Data_Archiving","instance","sdet2251.de.festo.net","transactions","4154881"
"23.06.2024 00:47:01","22.06.2024 22:47:01","Data_Archiving","instance","sbgt2033.bg.festo.net","transactions","6845658"
"23.06.2024 00:47:01","22.06.2024 22:47:01","Data_Archiving","instance","sdet2013.festo.net","transactions","4330318"
"23.06.2024 00:47:01","22.06.2024 22:47:01","Data_Archiving","instance","sdet2097.de.festo.net","transactions","11185279"
"23.06.2024 00:47:01","22.06.2024 22:47:01","Data_Archiving","instance","crucible-codereview.database.windows.net","transactions","0"
"23.06.2024 00:47:01","22.06.2024 22:47:01","Data_Archiving","instance","crucible-codereview-p.database.windows.net","transactions","0"
"23.06.2024 00:47:01","22.06.2024 22:47:01","Data_Archiving","instance","srm.c7jxwa7xrjw2.ap-northeast-1.rds.amazonaws.com","cpu","2"
"23.06.2024 00:47:01","22.06.2024 22:47:01","Data_Archiving","instance","sczt2908.festo.net","cpu","4"
"23.06.2024 00:47:01","22.06.2024 22:47:01","Data_Archiving","instance","sdet2043.festo.net","cpu","4"
"23.06.2024 00:47:01","22.06.2024 22:47:01","Data_Archiving","instance","sbgt2015.festo.net","cpu","4"
"23.06.2024 00:47:01","22.06.2024 22:47:01","Data_Archiving","instance","splt5104.festo.net","cpu","2"
"23.06.2024 00:47:01","22.06.2024 22:47:01","Data_Archiving","instance","sdet2540.de.festo.net","cpu","4"
"23.06.2024 00:47:01","22.06.2024 22:47:01","Data_Archiving","instance","sdet3633.festo.net","cpu","2"
"23.06.2024 00:47:01","22.06.2024 22:47:01","Data_Archiving","instance","sdet2042.de.festo.net","cpu","4"
"23.06.2024 00:47:01","22.06.2024 22:47:01","Data_Archiving","instance","sdet3387.de.festo.net","cpu","4"
"23.06.2024 00:47:01","22.06.2024 22:47:01","Data_Archiving","instance","sdet2313.festo.net","cpu","4"
"23.06.2024 00:47:01","22.06.2024 22:47:01","Data_Archiving","instance","sdet3194.de.festo.net","cpu","4"
"23.06.2024 00:47:01","22.06.2024 22:47:01","Data_Archiving","instance","scht3012.festo.net","cpu","4"
"23.06.2024 00:47:01","22.06.2024 22:47:01","Data_Archiving","instance","sdet3762.de.festo.net","cpu","4"
"23.06.2024 00:47:01","22.06.2024 22:47:01","Data_Archiving","instance","sdet3047.de.festo.net","cpu","4"
"23.06.2024 00:47:01","22.06.2024 22:47:01","Data_Archiving","instance","sdet5138.de.festo.net","cpu","4"
"23.06.2024 00:47:01","22.06.2024 22:47:01","Data_Archiving","instance","sdet2218.festo.net","cpu","4"
"23.06.2024 00:47:01","22.06.2024 22:47:01","Data_Archiving","instance","sdet2130.festo.net","cpu","8"
"23.06.2024 00:47:01","22.06.2024 22:47:01","Data_Archiving","instance","sdet2069.de.festo.net","cpu","4"
"23.06.2024 00:47:01","22.06.2024 22:47:01","Data_Archiving","instance","sdet3637.de.festo.net","cpu","2"
"23.06.2024 00:47:01","22.06.2024 22:47:01","Data_Archiving","instance","sdet3454.de.festo.net","cpu","8"
"23.06.2024 00:47:01","22.06.2024 22:47:01","Data_Archiving","instance","sdet2050.festo.net","cpu","4"
"23.06.2024 00:47:01","22.06.2024 22:47:01","Data_Archiving","instance","greekpayroll.database.windows.net","cpu","0"
"23.06.2024 00:47:01","22.06.2024 22:47:01","Data_Archiving","instance","sbgt2019.bg.festo.net","cpu","4"
"23.06.2024 00:47:01","22.06.2024 22:47:01","Data_Archiving","instance","sdet3463.de.festo.net","cpu","4"
"23.06.2024 00:47:01","22.06.2024 22:47:01","Data_Archiving","instance","sdet3462.de.festo.net","cpu","6"
"23.06.2024 00:47:01","22.06.2024 22:47:01","Data_Archiving","instance","sust5050.festo.net","cpu","8"
"23.06.2024 00:47:01","22.06.2024 22:47:01","Data_Archiving","instance","sdet3530.de.festo.net","cpu","10"
"23.06.2024 00:47:01","22.06.2024 22:47:01","Data_Archiving","instance","sdet3741.de.festo.net","cpu","48"
"23.06.2024 00:47:01","22.06.2024 22:47:01","Data_Archiving","instance","sdet3634.de.festo.net","cpu","4"
"23.06.2024 00:47:01","22.06.2024 22:47:01","Data_Archiving","instance","sdet2046.festo.net","cpu","4"
"23.06.2024 00:47:01","22.06.2024 22:47:01","Data_Archiving","instance","scnt2828.cn.festo.net","cpu","4"
"23.06.2024 00:47:01","22.06.2024 22:47:01","Data_Archiving","instance","sdet3055.de.festo.net","cpu","8"
"23.06.2024 00:47:01","22.06.2024 22:47:01","Data_Archiving","instance","sdet4519.dev.festo.company","cpu","4"
"23.06.2024 00:47:01","22.06.2024 22:47:01","Data_Archiving","instance","sdet2551.festo.net","cpu","2"
"23.06.2024 00:47:01","22.06.2024 22:47:01","Data_Archiving","instance","sdet2131.de.festo.net","cpu","8"
"23.06.2024 00:47:01","22.06.2024 22:47:01","Data_Archiving","instance","sdet2155.de.festo.net","cpu","2"
"23.06.2024 00:47:01","22.06.2024 22:47:01","Data_Archiving","instance","sdet3282.festo.net","cpu","4"
"23.06.2024 00:47:01","22.06.2024 22:47:01","Data_Archiving","instance","sdet3566.de.festo.net","cpu","8"
"23.06.2024 00:47:01","22.06.2024 22:47:01","Data_Archiving","instance","sdet3372.festo.net","cpu","4"
"23.06.2024 00:47:01","22.06.2024 22:47:01","Data_Archiving","instance","sdet3488.de.festo.net","cpu","2"
"23.06.2024 00:47:01","22.06.2024 22:47:01","Data_Archiving","instance","sdet3373.festo.net","cpu","4"
"23.06.2024 00:47:01","22.06.2024 22:47:01","Data_Archiving","instance","sdet2248.festo.net","cpu","8"
"23.06.2024 00:47:01","22.06.2024 22:47:01","Data_Archiving","instance","sdet3464.de.festo.net","cpu","4"
"23.06.2024 00:47:01","22.06.2024 22:47:01","Data_Archiving","instance","blueprism2006.database.windows.net","cpu","0"
"23.06.2024 00:47:01","22.06.2024 22:47:01","Data_Archiving","instance","sdet3229.de.festo.net","cpu","2"
"23.06.2024 00:47:01","22.06.2024 22:47:01","Data_Archiving","instance","sust3049.festo.net","cpu","2"
"23.06.2024 00:47:01","22.06.2024 22:47:01","Data_Archiving","instance","sdet3740.de.festo.net","cpu","48"
"23.06.2024 00:47:01","22.06.2024 22:47:01","Data_Archiving","instance","scnt2513.cn.festo.net","cpu","4"
"23.06.2024 00:47:01","22.06.2024 22:47:01","Data_Archiving","instance","sdet2084.de.festo.net","cpu","2"
"23.06.2024 00:47:01","22.06.2024 22:47:01","Data_Archiving","instance","sdet2023.de.festo.net","cpu","4"
"23.06.2024 00:47:01","22.06.2024 22:47:01","Data_Archiving","instance","scnt2512.cn.festo.net","cpu","4"
"23.06.2024 00:47:01","22.06.2024 22:47:01","Data_Archiving","instance","sdet2048.festo.net","cpu","4"
"23.06.2024 00:47:01","22.06.2024 22:47:01","Data_Archiving","instance","sdet2029.de.festo.net","cpu","2"
"23.06.2024 00:47:01","22.06.2024 22:47:01","Data_Archiving","instance","sczt2907.festo.net","cpu","8"
"23.06.2024 00:47:01","22.06.2024 22:47:01","Data_Archiving","instance","sdet3466.de.festo.net","cpu","4"
"23.06.2024 00:47:01","22.06.2024 22:47:01","Data_Archiving","instance","sdet3502.de.festo.net","cpu","2"
"23.06.2024 00:47:01","22.06.2024 22:47:01","Data_Archiving","instance","scat5001.ca.festo.net","cpu","2"
"23.06.2024 00:47:01","22.06.2024 22:47:01","Data_Archiving","instance","sdet3388.festo.net","cpu","4"
"23.06.2024 00:47:01","22.06.2024 22:47:01","Data_Archiving","instance","sdet3203.de.festo.net","cpu","2"
"23.06.2024 00:47:01","22.06.2024 22:47:01","Data_Archiving","instance","sdet3689.de.festo.net","cpu","4"
"23.06.2024 00:47:01","22.06.2024 22:47:01","Data_Archiving","instance","sdet3560.festo.net","cpu","4"
"23.06.2024 00:47:01","22.06.2024 22:47:01","Data_Archiving","instance","sdet3588.festo.net","cpu","8"
"23.06.2024 00:47:01","22.06.2024 22:47:01","Data_Archiving","instance","sdet2229.festo.net","cpu","4"
"23.06.2024 00:47:01","22.06.2024 22:47:01","Data_Archiving","instance","scnt2823.cn.festo.net","cpu","4"
"23.06.2024 00:47:01","22.06.2024 22:47:01","Data_Archiving","instance","sdet3228.de.festo.net","cpu","2"
"23.06.2024 00:47:01","22.06.2024 22:47:01","Data_Archiving","instance","sdet3494.de.festo.net","cpu","2"
"23.06.2024 00:47:01","22.06.2024 22:47:01","Data_Archiving","instance","sdet3593.festo.net","cpu","4"
"23.06.2024 00:47:01","22.06.2024 22:47:01","Data_Archiving","instance","ssgt5019","cpu","4"
"23.06.2024 00:47:01","22.06.2024 22:47:01","Data_Archiving","instance","scnt2824.cn.festo.net","cpu","2"
"23.06.2024 00:47:01","22.06.2024 22:47:01","Data_Archiving","instance","skrt2009.festo.net","cpu","2"
"23.06.2024 00:47:01","22.06.2024 22:47:01","Data_Archiving","instance","sdet2200.festo.net","cpu","2"
"23.06.2024 00:47:01","22.06.2024 22:47:01","Data_Archiving","instance","sust3018.festo.net","cpu","2"
"23.06.2024 00:47:01","22.06.2024 22:47:01","Data_Archiving","instance","sint2008.in.festo.net","cpu","2"
"23.06.2024 00:47:01","22.06.2024 22:47:01","Data_Archiving","instance","sdet3489.de.festo.net","cpu","2"
"23.06.2024 00:47:01","22.06.2024 22:47:01","Data_Archiving","instance","shut2004.festo.net","cpu","2"
"23.06.2024 00:47:01","22.06.2024 22:47:01","Data_Archiving","instance","sdet2237.festo.net","cpu","2"
"23.06.2024 00:47:01","22.06.2024 22:47:01","Data_Archiving","instance","sdet3487.de.festo.net","cpu","2"
"23.06.2024 00:47:01","22.06.2024 22:47:01","Data_Archiving","instance","sdet2100.de.festo.net","cpu","2"
"23.06.2024 00:47:01","22.06.2024 22:47:01","Data_Archiving","instance","sczt2916.festo.net","cpu","4"
"23.06.2024 00:47:01","22.06.2024 22:47:01","Data_Archiving","instance","sdet2219.festo.net","cpu","2"
"23.06.2024 00:47:01","22.06.2024 22:47:01","Data_Archiving","instance","sdet2251.de.festo.net","cpu","4"
"23.06.2024 00:47:01","22.06.2024 22:47:01","Data_Archiving","instance","sbgt2033.bg.festo.net","cpu","2"
"23.06.2024 00:47:01","22.06.2024 22:47:01","Data_Archiving","instance","sdet2013.festo.net","cpu","4"
"23.06.2024 00:47:01","22.06.2024 22:47:01","Data_Archiving","instance","sdet2097.de.festo.net","cpu","2"
"23.06.2024 00:47:01","22.06.2024 22:47:01","Data_Archiving","instance","crucible-codereview.database.windows.net","cpu","0"
"23.06.2024 00:47:01","22.06.2024 22:47:01","Data_Archiving","instance","crucible-codereview-p.database.windows.net","cpu","0"
"23.06.2024 00:47:01","22.06.2024 22:47:01","Data_Archiving","instance","srm.c7jxwa7xrjw2.ap-northeast-1.rds.amazonaws.com","memory","4035"
"23.06.2024 00:47:01","22.06.2024 22:47:01","Data_Archiving","instance","sczt2908.festo.net","memory","32767"
"23.06.2024 00:47:01","22.06.2024 22:47:01","Data_Archiving","instance","sdet2043.festo.net","memory","262143"
"23.06.2024 00:47:01","22.06.2024 22:47:01","Data_Archiving","instance","sbgt2015.festo.net","memory","12287"
"23.06.2024 00:47:01","22.06.2024 22:47:01","Data_Archiving","instance","splt5104.festo.net","memory","7167"
"23.06.2024 00:47:01","22.06.2024 22:47:01","Data_Archiving","instance","sdet2540.de.festo.net","memory","24575"
"23.06.2024 00:47:01","22.06.2024 22:47:01","Data_Archiving","instance","sdet3633.festo.net","memory","12287"
"23.06.2024 00:47:01","22.06.2024 22:47:01","Data_Archiving","instance","sdet2042.de.festo.net","memory","262143"
"23.06.2024 00:47:01","22.06.2024 22:47:01","Data_Archiving","instance","sdet3387.de.festo.net","memory","16383"
"23.06.2024 00:47:01","22.06.2024 22:47:01","Data_Archiving","instance","sdet2313.festo.net","memory","16383"
"23.06.2024 00:47:01","22.06.2024 22:47:01","Data_Archiving","instance","sdet3194.de.festo.net","memory","16383"
"23.06.2024 00:47:01","22.06.2024 22:47:01","Data_Archiving","instance","scht3012.festo.net","memory","24575"
"23.06.2024 00:47:01","22.06.2024 22:47:01","Data_Archiving","instance","sdet3762.de.festo.net","memory","32767"
"23.06.2024 00:47:01","22.06.2024 22:47:01","Data_Archiving","instance","sdet3047.de.festo.net","memory","24575"
"23.06.2024 00:47:01","22.06.2024 22:47:01","Data_Archiving","instance","sdet5138.de.festo.net","memory","16383"
"23.06.2024 00:47:01","22.06.2024 22:47:01","Data_Archiving","instance","sdet2218.festo.net","memory","20479"
"23.06.2024 00:47:01","22.06.2024 22:47:01","Data_Archiving","instance","sdet2130.festo.net","memory","24575"
"23.06.2024 00:47:01","22.06.2024 22:47:01","Data_Archiving","instance","sdet2069.de.festo.net","memory","12287"
"23.06.2024 00:47:01","22.06.2024 22:47:01","Data_Archiving","instance","sdet3637.de.festo.net","memory","49151"
"23.06.2024 00:47:01","22.06.2024 22:47:01","Data_Archiving","instance","sdet3454.de.festo.net","memory","98303"
"23.06.2024 00:47:01","22.06.2024 22:47:01","Data_Archiving","instance","sdet2050.festo.net","memory","32767"
"23.06.2024 00:47:01","22.06.2024 22:47:01","Data_Archiving","instance","greekpayroll.database.windows.net","memory","0"
"23.06.2024 00:47:01","22.06.2024 22:47:01","Data_Archiving","instance","sbgt2019.bg.festo.net","memory","16383"
"23.06.2024 00:47:01","22.06.2024 22:47:01","Data_Archiving","instance","sdet3463.de.festo.net","memory","49151"
"23.06.2024 00:47:01","22.06.2024 22:47:01","Data_Archiving","instance","sdet3462.de.festo.net","memory","65535"
"23.06.2024 00:47:01","22.06.2024 22:47:01","Data_Archiving","instance","sust5050.festo.net","memory","32767"
"23.06.2024 00:47:01","22.06.2024 22:47:01","Data_Archiving","instance","sdet3530.de.festo.net","memory","32767"
"23.06.2024 00:47:01","22.06.2024 22:47:01","Data_Archiving","instance","sdet3741.de.festo.net","memory","196125"
"23.06.2024 00:47:01","22.06.2024 22:47:01","Data_Archiving","instance","sdet3634.de.festo.net","memory","32767"
"23.06.2024 00:47:01","22.06.2024 22:47:01","Data_Archiving","instance","sdet2046.festo.net","memory","32767"
"23.06.2024 00:47:01","22.06.2024 22:47:01","Data_Archiving","instance","scnt2828.cn.festo.net","memory","65535"
"23.06.2024 00:47:01","22.06.2024 22:47:01","Data_Archiving","instance","sdet3055.de.festo.net","memory","24575"
"23.06.2024 00:47:01","22.06.2024 22:47:01","Data_Archiving","instance","sdet4519.dev.festo.company","memory","8191"
"23.06.2024 00:47:01","22.06.2024 22:47:01","Data_Archiving","instance","sdet2551.festo.net","memory","131071"
"23.06.2024 00:47:01","22.06.2024 22:47:01","Data_Archiving","instance","sdet2131.de.festo.net","memory","16383"
"23.06.2024 00:47:01","22.06.2024 22:47:01","Data_Archiving","instance","sdet2155.de.festo.net","memory","131071"
"23.06.2024 00:47:01","22.06.2024 22:47:01","Data_Archiving","instance","sdet3282.festo.net","memory","32767"
"23.06.2024 00:47:01","22.06.2024 22:47:01","Data_Archiving","instance","sdet3566.de.festo.net","memory","131071"
"23.06.2024 00:47:01","22.06.2024 22:47:01","Data_Archiving","instance","sdet3372.festo.net","memory","8191"
"23.06.2024 00:47:01","22.06.2024 22:47:01","Data_Archiving","instance","sdet3488.de.festo.net","memory","65535"
"23.06.2024 00:47:01","22.06.2024 22:47:01","Data_Archiving","instance","sdet3373.festo.net","memory","8191"
"23.06.2024 00:47:01","22.06.2024 22:47:01","Data_Archiving","instance","sdet2248.festo.net","memory","98303"
"23.06.2024 00:47:01","22.06.2024 22:47:01","Data_Archiving","instance","sdet3464.de.festo.net","memory","49151"
"23.06.2024 00:47:01","22.06.2024 22:47:01","Data_Archiving","instance","blueprism2006.database.windows.net","memory","0"
"23.06.2024 00:47:01","22.06.2024 22:47:01","Data_Archiving","instance","sdet3229.de.festo.net","memory","12287"
"23.06.2024 00:47:01","22.06.2024 22:47:01","Data_Archiving","instance","sust3049.festo.net","memory","32767"
"23.06.2024 00:47:01","22.06.2024 22:47:01","Data_Archiving","instance","sdet3740.de.festo.net","memory","196125"
"23.06.2024 00:47:01","22.06.2024 22:47:01","Data_Archiving","instance","scnt2513.cn.festo.net","memory","16383"
"23.06.2024 00:47:01","22.06.2024 22:47:01","Data_Archiving","instance","sdet2084.de.festo.net","memory","12287"
"23.06.2024 00:47:01","22.06.2024 22:47:01","Data_Archiving","instance","sdet2023.de.festo.net","memory","65535"
"23.06.2024 00:47:01","22.06.2024 22:47:01","Data_Archiving","instance","scnt2512.cn.festo.net","memory","12287"
"23.06.2024 00:47:01","22.06.2024 22:47:01","Data_Archiving","instance","sdet2048.festo.net","memory","16383"
"23.06.2024 00:47:01","22.06.2024 22:47:01","Data_Archiving","instance","sdet2029.de.festo.net","memory","10239"
"23.06.2024 00:47:01","22.06.2024 22:47:01","Data_Archiving","instance","sczt2907.festo.net","memory","65535"
"23.06.2024 00:47:01","22.06.2024 22:47:01","Data_Archiving","instance","sdet3466.de.festo.net","memory","65535"
"23.06.2024 00:47:01","22.06.2024 22:47:01","Data_Archiving","instance","sdet3502.de.festo.net","memory","12287"
"23.06.2024 00:47:01","22.06.2024 22:47:01","Data_Archiving","instance","scat5001.ca.festo.net","memory","8191"
"23.06.2024 00:47:01","22.06.2024 22:47:01","Data_Archiving","instance","sdet3388.festo.net","memory","65535"
"23.06.2024 00:47:01","22.06.2024 22:47:01","Data_Archiving","instance","sdet3203.de.festo.net","memory","12287"
"23.06.2024 00:47:01","22.06.2024 22:47:01","Data_Archiving","instance","sdet3689.de.festo.net","memory","16383"
"23.06.2024 00:47:01","22.06.2024 22:47:01","Data_Archiving","instance","sdet3560.festo.net","memory","16383"
"23.06.2024 00:47:01","22.06.2024 22:47:01","Data_Archiving","instance","sdet3588.festo.net","memory","32767"
"23.06.2024 00:47:01","22.06.2024 22:47:01","Data_Archiving","instance","sdet2229.festo.net","memory","16383"
"23.06.2024 00:47:01","22.06.2024 22:47:01","Data_Archiving","instance","scnt2823.cn.festo.net","memory","65535"
"23.06.2024 00:47:01","22.06.2024 22:47:01","Data_Archiving","instance","sdet3228.de.festo.net","memory","12287"
"23.06.2024 00:47:01","22.06.2024 22:47:01","Data_Archiving","instance","sdet3494.de.festo.net","memory","12287"
"23.06.2024 00:47:01","22.06.2024 22:47:01","Data_Archiving","instance","sdet3593.festo.net","memory","65535"
"23.06.2024 00:47:01","22.06.2024 22:47:01","Data_Archiving","instance","ssgt5019","memory","16195"
"23.06.2024 00:47:01","22.06.2024 22:47:01","Data_Archiving","instance","scnt2824.cn.festo.net","memory","32767"
"23.06.2024 00:47:01","22.06.2024 22:47:01","Data_Archiving","instance","skrt2009.festo.net","memory","65535"
"23.06.2024 00:47:01","22.06.2024 22:47:01","Data_Archiving","instance","sdet2200.festo.net","memory","32766"
"23.06.2024 00:47:01","22.06.2024 22:47:01","Data_Archiving","instance","sust3018.festo.net","memory","16383"
"23.06.2024 00:47:01","22.06.2024 22:47:01","Data_Archiving","instance","sint2008.in.festo.net","memory","65535"
"23.06.2024 00:47:01","22.06.2024 22:47:01","Data_Archiving","instance","sdet3489.de.festo.net","memory","65535"
"23.06.2024 00:47:01","22.06.2024 22:47:01","Data_Archiving","instance","shut2004.festo.net","memory","32767"
"23.06.2024 00:47:01","22.06.2024 22:47:01","Data_Archiving","instance","sdet2237.festo.net","memory","32767"
"23.06.2024 00:47:01","22.06.2024 22:47:01","Data_Archiving","instance","sdet3487.de.festo.net","memory","65535"
"23.06.2024 00:47:01","22.06.2024 22:47:01","Data_Archiving","instance","sdet2100.de.festo.net","memory","49151"
"23.06.2024 00:47:01","22.06.2024 22:47:01","Data_Archiving","instance","sczt2916.festo.net","memory","16382"
"23.06.2024 00:47:01","22.06.2024 22:47:01","Data_Archiving","instance","sdet2219.festo.net","memory","16383"
"23.06.2024 00:47:01","22.06.2024 22:47:01","Data_Archiving","instance","sdet2251.de.festo.net","memory","32767"
"23.06.2024 00:47:01","22.06.2024 22:47:01","Data_Archiving","instance","sbgt2033.bg.festo.net","memory","65535"
"23.06.2024 00:47:01","22.06.2024 22:47:01","Data_Archiving","instance","sdet2013.festo.net","memory","131071"
"23.06.2024 00:47:01","22.06.2024 22:47:01","Data_Archiving","instance","sdet2097.de.festo.net","memory","65535"
"23.06.2024 00:47:01","22.06.2024 22:47:01","Data_Archiving","instance","crucible-codereview.database.windows.net","memory","0"
"23.06.2024 00:47:01","22.06.2024 22:47:01","Data_Archiving","instance","crucible-codereview-p.database.windows.net","memory","0"